date,state,cases,deaths,new_cases,pct_change,seven_day_ave
2020-01-25,California,1,0.0,1.0,,0.5
2020-01-26,California,2,0.0,1.0,1.0,0.4
2020-01-27,California,2,0.0,0.0,0.0,0.3333333333333333
2020-01-28,California,2,0.0,0.0,0.0,0.42857142857142855
2020-01-29,California,2,0.0,0.0,0.0,0.2857142857142857
2020-01-30,California,2,0.0,0.0,0.0,0.5714285714285714
2020-01-31,California,3,0.0,1.0,0.5,0.5714285714285714
2020-02-01,California,3,0.0,0.0,0.0,0.5714285714285714
2020-02-02,California,6,0.0,3.0,1.0,0.5714285714285714
2020-02-03,California,6,0.0,0.0,0.0,0.5714285714285714
2020-02-04,California,6,0.0,0.0,0.0,0.42857142857142855
2020-02-05,California,6,0.0,0.0,0.0,0.42857142857142855
2020-02-06,California,6,0.0,0.0,0.0,0.0
2020-02-07,California,6,0.0,0.0,0.0,0.14285714285714285
2020-02-08,California,6,0.0,0.0,0.0,0.14285714285714285
2020-02-09,California,6,0.0,0.0,0.0,0.14285714285714285
2020-02-10,California,7,0.0,1.0,0.16666666666666674,0.14285714285714285
2020-02-11,California,7,0.0,0.0,0.0,0.14285714285714285
2020-02-12,California,7,0.0,0.0,0.0,0.14285714285714285
2020-02-13,California,7,0.0,0.0,0.0,0.14285714285714285
2020-02-14,California,7,0.0,0.0,0.0,0.0
2020-02-15,California,7,0.0,0.0,0.0,0.0
2020-02-16,California,7,0.0,0.0,0.0,0.0
2020-02-17,California,7,0.0,0.0,0.0,0.14285714285714285
2020-02-18,California,7,0.0,0.0,0.0,0.2857142857142857
2020-02-19,California,7,0.0,0.0,0.0,0.2857142857142857
2020-02-20,California,8,0.0,1.0,0.1428571428571428,0.2857142857142857
2020-02-21,California,9,0.0,1.0,0.125,0.5714285714285714
2020-02-22,California,9,0.0,0.0,0.0,0.5714285714285714
2020-02-23,California,9,0.0,0.0,0.0,2.7142857142857144
2020-02-24,California,11,0.0,2.0,0.22222222222222232,2.5714285714285716
2020-02-25,California,11,0.0,0.0,0.0,2.5714285714285716
2020-02-26,California,26,0.0,15.0,1.3636363636363638,2.7142857142857144
2020-02-27,California,26,0.0,0.0,0.0,3.4285714285714284
2020-02-28,California,27,0.0,1.0,0.03846153846153855,3.857142857142857
2020-02-29,California,28,0.0,1.0,0.03703703703703698,4.857142857142857
2020-03-01,California,33,0.0,5.0,0.1785714285714286,4.142857142857143
2020-03-02,California,38,0.0,5.0,0.1515151515151516,5.857142857142857
2020-03-03,California,45,0.0,7.0,0.18421052631578938,7.714285714285714
2020-03-04,California,55,1.0,10.0,0.22222222222222232,10.285714285714286
2020-03-05,California,67,1.0,12.0,0.21818181818181825,11.285714285714286
2020-03-06,California,81,1.0,14.0,0.20895522388059695,19.142857142857142
2020-03-07,California,100,1.0,19.0,0.23456790123456783,19.142857142857142
2020-03-08,California,112,1.0,12.0,0.1200000000000001,21.0
2020-03-09,California,172,2.0,60.0,0.5357142857142858,26.428571428571427
2020-03-10,California,179,3.0,7.0,0.04069767441860472,34.142857142857146
2020-03-11,California,202,4.0,23.0,0.12849162011173187,40.142857142857146
2020-03-12,California,252,4.0,50.0,0.24752475247524752,52.285714285714285
2020-03-13,California,320,5.0,68.0,0.26984126984126977,59.42857142857143
2020-03-14,California,381,5.0,61.0,0.19062500000000004,79.0
2020-03-15,California,478,6.0,97.0,0.25459317585301844,98.71428571428571
2020-03-16,California,588,11.0,110.0,0.2301255230125523,116.42857142857143
2020-03-17,California,732,14.0,144.0,0.24489795918367352,137.57142857142858
2020-03-18,California,893,17.0,161.0,0.2199453551912569,166.14285714285714
2020-03-19,California,1067,19.0,174.0,0.19484882418812988,196.14285714285714
2020-03-20,California,1283,24.0,216.0,0.20243673851921273,236.0
2020-03-21,California,1544,28.0,261.0,0.20342946219797353,273.14285714285717
2020-03-22,California,1851,35.0,307.0,0.19883419689119175,327.14285714285717
2020-03-23,California,2240,39.0,389.0,0.2101566720691519,427.57142857142856
2020-03-24,California,2644,52.0,404.0,0.18035714285714288,518.8571428571429
2020-03-25,California,3183,68.0,539.0,0.20385779122541603,574.5714285714286
2020-03-26,California,4060,83.0,877.0,0.27552623311341495,638.5714285714286
2020-03-27,California,4915,104.0,855.0,0.21059113300492616,740.1428571428571
2020-03-28,California,5566,122.0,651.0,0.13245167853509665,848.4285714285714
2020-03-29,California,6321,132.0,755.0,0.13564498742364361,953.4285714285714
2020-03-30,California,7421,147.0,1100.0,0.17402309761113743,1018.5714285714286
2020-03-31,California,8583,184.0,1162.0,0.1565826707990836,1093.4285714285713
2020-04-01,California,9857,212.0,1274.0,0.14843294885238256,1175.7142857142858
2020-04-02,California,11190,247.0,1333.0,0.13523384396875326,1268.7142857142858
2020-04-03,California,12569,282.0,1379.0,0.12323503127792668,1277.142857142857
2020-04-04,California,13796,323.0,1227.0,0.0976211313549209,1279.5714285714287
2020-04-05,California,15202,351.0,1406.0,0.10191359814438972,1312.2857142857142
2020-04-06,California,16361,386.0,1159.0,0.0762399684252073,1285.857142857143
2020-04-07,California,17540,447.0,1179.0,0.0720616099260436,1256.7142857142858
2020-04-08,California,19043,506.0,1503.0,0.08568985176738875,1232.142857142857
2020-04-09,California,20191,548.0,1148.0,0.060284619020112284,1160.142857142857
2020-04-10,California,21366,594.0,1175.0,0.058194244960626085,1139.0
2020-04-11,California,22421,632.0,1055.0,0.0493775156791163,1174.0
2020-04-12,California,23323,676.0,902.0,0.04023014138530834,1152.0
2020-04-13,California,24334,725.0,1011.0,0.043347768297388845,1135.857142857143
2020-04-14,California,25758,778.0,1424.0,0.058518944686446916,1147.4285714285713
2020-04-15,California,27107,885.0,1349.0,0.052372078577529235,1201.142857142857
2020-04-16,California,28142,971.0,1035.0,0.03818201940458188,1174.4285714285713
2020-04-17,California,29398,1050.0,1256.0,0.04463080093809957,1361.142857142857
2020-04-18,California,30829,1146.0,1431.0,0.04867678073338322,1440.857142857143
2020-04-19,California,31544,1176.0,715.0,0.023192448668461596,1495.142857142857
2020-04-20,California,33862,1223.0,2318.0,0.0734846563530307,1627.4285714285713
2020-04-21,California,35844,1316.0,1982.0,0.05853168743724524,1710.0
2020-04-22,California,37573,1425.0,1729.0,0.04823680392813312,1680.142857142857
2020-04-23,California,39534,1548.0,1961.0,0.05219173342559813,1735.2857142857142
2020-04-24,California,41368,1619.0,1834.0,0.04639044872767739,1620.857142857143
2020-04-25,California,42590,1692.0,1222.0,0.02953974086250244,1532.2857142857142
2020-04-26,California,43691,1716.0,1101.0,0.02585113876496825,1618.7142857142858
2020-04-27,California,45208,1800.0,1517.0,0.03472110961067498,1562.2857142857142
2020-04-28,California,46570,1884.0,1362.0,0.030127411077685462,1564.2857142857142
2020-04-29,California,48904,1961.0,2334.0,0.05011810178226317,1594.7142857142858
2020-04-30,California,50470,2057.0,1566.0,0.032021920497300904,1625.857142857143
2020-05-01,California,52318,2147.0,1848.0,0.036615811373093,1589.2857142857142
2020-05-02,California,53753,2213.0,1435.0,0.02742841851752753,1754.0
2020-05-03,California,55072,2235.0,1319.0,0.024538165311703608,1697.5714285714287
2020-05-04,California,56333,2297.0,1261.0,0.022897298082510176,1715.857142857143
2020-05-05,California,58848,2386.0,2515.0,0.04464523458718683,1756.857142857143
2020-05-06,California,60787,2478.0,1939.0,0.03294929309407291,1867.2857142857142
2020-05-07,California,62481,2561.0,1694.0,0.027867800681066646,1854.142857142857
2020-05-08,California,64616,2650.0,2135.0,0.0341703877978905,1883.0
2020-05-09,California,66824,2732.0,2208.0,0.034171103132351055,1757.4285714285713
2020-05-10,California,68051,2769.0,1227.0,0.01836166646713755,1775.857142857143
2020-05-11,California,69514,2820.0,1463.0,0.02149858194589349,1780.857142857143
2020-05-12,California,71150,2902.0,1636.0,0.023534827516759282,1771.2857142857142
2020-05-13,California,73218,3014.0,2068.0,0.029065354884047823,1729.857142857143
2020-05-14,California,74947,3039.0,1729.0,0.023614411756671894,1759.2857142857142
2020-05-15,California,77015,3192.0,2068.0,0.027592832268136247,1775.5714285714287
2020-05-16,California,78933,3254.0,1918.0,0.02490423943387654,1833.0
2020-05-17,California,80366,3290.0,1433.0,0.01815463747735424,1843.857142857143
2020-05-18,California,81943,3322.0,1577.0,0.01962272602842008,1934.4285714285713
2020-05-19,California,83981,3422.0,2038.0,0.024870946877707745,1969.4285714285713
2020-05-20,California,86125,3514.0,2144.0,0.025529584072587763,1983.142857142857
2020-05-21,California,88488,3624.0,2363.0,0.027436865021770673,2053.8571428571427
2020-05-22,California,90801,3690.0,2313.0,0.02613913751017094,2153.4285714285716
2020-05-23,California,92815,3768.0,2014.0,0.022180372462858422,2277.5714285714284
2020-05-24,California,94743,3790.0,1928.0,0.02077250444432477,2249.714285714286
2020-05-25,California,97017,3808.0,2274.0,0.024001773218074174,2226.1428571428573
2020-05-26,California,99924,3859.0,2907.0,0.029963820773678762,2320.285714285714
2020-05-27,California,101873,3961.0,1949.0,0.01950482366598605,2469.285714285714
2020-05-28,California,104071,4042.0,2198.0,0.02157588369833019,2624.4285714285716
2020-05-29,California,107043,4144.0,2972.0,0.028557427141086444,2660.8571428571427
2020-05-30,California,110100,4214.0,3057.0,0.028558616630699918,2593.8571428571427
2020-05-31,California,113114,4242.0,3014.0,0.027375113533151696,2647.714285714286
2020-06-01,California,115643,4287.0,2529.0,0.022357975140124164,2692.285714285714
2020-06-02,California,118081,4360.0,2438.0,0.021082123431595434,2781.0
2020-06-03,California,120407,4422.0,2326.0,0.01969834266308723,2721.0
2020-06-04,California,122917,4484.0,2510.0,0.020845964105076886,2697.5714285714284
2020-06-05,California,126510,4550.0,3593.0,0.029231107169878756,2663.4285714285716
2020-06-06,California,129147,4626.0,2637.0,0.020844202039364434,2737.714285714286
2020-06-07,California,131997,4653.0,2850.0,0.022067876141141474,2818.8571428571427
2020-06-08,California,134287,4679.0,2290.0,0.017348879141192652,2970.285714285714
2020-06-09,California,137245,4775.0,2958.0,0.022027448673363814,2967.8571428571427
2020-06-10,California,140139,4869.0,2894.0,0.02108637837443994,3041.0
2020-06-11,California,143709,4941.0,3570.0,0.02547470725493972,2993.714285714286
2020-06-12,California,147285,4986.0,3576.0,0.024883618980022115,3053.5714285714284
2020-06-13,California,150434,5059.0,3149.0,0.02138031707234278,3126.5714285714284
2020-06-14,California,152953,5089.0,2519.0,0.01674488479997871,3320.285714285714
2020-06-15,California,155662,5120.0,2709.0,0.017711323086176733,3346.5714285714284
2020-06-16,California,159131,5202.0,3469.0,0.022285464660610765,3365.4285714285716
2020-06-17,California,163381,5283.0,4250.0,0.026707555410322215,3488.5714285714284
2020-06-18,California,167135,5359.0,3754.0,0.022976967946089166,3693.4285714285716
2020-06-19,California,170843,5425.0,3708.0,0.022185658300176492,4136.857142857143
2020-06-20,California,174854,5495.0,4011.0,0.023477695896232165,4558.285714285715
2020-06-21,California,178807,5517.0,3953.0,0.02260743248653152,4644.0
2020-06-22,California,184620,5561.0,5813.0,0.032509912922872086,4896.857142857143
2020-06-23,California,191039,5637.0,6419.0,0.03476871411548044,5169.142857142857
2020-06-24,California,195889,5728.0,4850.0,0.025387486324781827,5228.428571428572
2020-06-25,California,201413,5810.0,5524.0,0.028199643675755226,5449.714285714285
2020-06-26,California,207027,5872.0,5614.0,0.027873076713022416,5625.0
2020-06-27,California,211453,5902.0,4426.0,0.021378853965907885,5873.428571428572
2020-06-28,California,216955,5937.0,5502.0,0.026019966611965817,6267.857142857143
2020-06-29,California,223995,5979.0,7040.0,0.032449125394667044,6683.571428571428
2020-06-30,California,232153,6083.0,8158.0,0.036420455813745756,7038.714285714285
2020-07-01,California,239764,6168.0,7611.0,0.032784413727154016,7674.714285714285
2020-07-02,California,248198,6263.0,8434.0,0.03517625665237478,7804.571428571428
2020-07-03,California,256298,6315.0,8100.0,0.032635234772238286,7696.285714285715
2020-07-04,California,265176,6329.0,8878.0,0.03463936511404686,7944.714285714285
2020-07-05,California,271587,6369.0,6411.0,0.024176396053941618,8077.142857142857
2020-07-06,California,277869,6452.0,6282.0,0.02313070949640439,7902.571428571428
2020-07-07,California,287766,6563.0,9897.0,0.035617503211945234,7886.714285714285
2020-07-08,California,296304,6708.0,8538.0,0.029669940159713137,7836.285714285715
2020-07-09,California,303516,6825.0,7212.0,0.02433986716345382,8012.714285714285
2020-07-10,California,311505,6936.0,7989.0,0.026321511880757598,8333.857142857143
2020-07-11,California,320030,7012.0,8525.0,0.027367136964093763,8403.857142857143
2020-07-12,California,327676,7042.0,7646.0,0.023891510170921393,8456.142857142857
2020-07-13,California,336206,7086.0,8530.0,0.0260318119117664,8749.285714285714
2020-07-14,California,346593,7227.0,10387.0,0.030894749052664094,9059.57142857143
2020-07-15,California,355497,7368.0,8904.0,0.025690074525452022,9023.42857142857
2020-07-16,California,364761,7490.0,9264.0,0.026059291639591864,9112.0
2020-07-17,California,374922,7607.0,10161.0,0.02785659651114014,9141.285714285714
2020-07-18,California,383194,7697.0,8272.0,0.022063255823878025,9110.42857142857
2020-07-19,California,391460,7710.0,8266.0,0.02157131896637221,9575.857142857143
2020-07-20,California,400195,7764.0,8735.0,0.022313901803504788,9773.42857142857
2020-07-21,California,410366,7883.0,10171.0,0.025415110133809815,9739.142857142857
2020-07-22,California,422528,8038.0,12162.0,0.02963695822753354,10019.0
2020-07-23,California,433175,8190.0,10647.0,0.025198330051499518,9696.857142857143
2020-07-24,California,443096,8325.0,9921.0,0.022902983782535857,9558.285714285714
2020-07-25,California,453327,8428.0,10231.0,0.023089804466752017,9226.42857142857
2020-07-26,California,459338,8451.0,6011.0,0.013259744069954005,9073.0
2020-07-27,California,467103,8544.0,7765.0,0.01690476294145049,8727.714285714286
2020-07-28,California,474951,8716.0,7848.0,0.016801433516804742,8453.857142857143
2020-07-29,California,486039,8884.0,11088.0,0.02334556617419481,8025.714285714285
2020-07-30,California,494269,9009.0,8230.0,0.01693279757385735,8085.571428571428
2020-07-31,California,502273,9222.0,8004.0,0.01619361117124485,7876.0
2020-08-01,California,509507,9365.0,7234.0,0.01440252611627546,7472.428571428572
2020-08-02,California,515937,9399.0,6430.0,0.012620042511682916,6676.714285714285
2020-08-03,California,522235,9500.0,6298.0,0.012206916735957973,6677.714285714285
2020-08-04,California,527258,9696.0,5023.0,0.009618275297519352,6552.714285714285
2020-08-05,California,532776,9866.0,5518.0,0.010465464725049278,6664.428571428572
2020-08-06,California,541013,10014.0,8237.0,0.01546053125516167,6758.142857142857
2020-08-07,California,548142,10197.0,7129.0,0.01317713252731445,7433.142857142857
2020-08-08,California,556158,10299.0,8016.0,0.014623947809144333,8402.857142857143
2020-08-09,California,563244,10365.0,7086.0,0.012740983677300255,8903.0
2020-08-10,California,574267,10460.0,11023.0,0.019570559118250674,8885.57142857143
2020-08-11,California,586078,10654.0,11811.0,0.020567088131479005,9300.142857142857
2020-08-12,California,595097,10808.0,9019.0,0.015388736652800494,9403.285714285714
2020-08-13,California,603212,10995.0,8115.0,0.013636432379931396,9323.42857142857
2020-08-14,California,613243,11146.0,10031.0,0.016629311087975607,8674.857142857143
2020-08-15,California,621981,11229.0,8738.0,0.014248837736427378,7774.428571428572
2020-08-16,California,628508,11245.0,6527.0,0.010493889684733082,7377.857142857143
2020-08-17,California,634991,11334.0,6483.0,0.010314904503999855,7169.857142857143
2020-08-18,California,640499,11523.0,5508.0,0.008674138688579802,6678.285714285715
2020-08-19,California,646742,11686.0,6243.0,0.009747087817467248,6192.0
2020-08-20,California,653401,11801.0,6659.0,0.010296223223480228,5919.428571428572
2020-08-21,California,659991,11984.0,6590.0,0.010085690104545186,5892.142857142857
2020-08-22,California,665325,12137.0,5334.0,0.008081928389932491,5974.428571428572
2020-08-23,California,669944,12152.0,4619.0,0.006942471724345145,5838.571428571428
2020-08-24,California,676236,12250.0,6292.0,0.009391829764875848,5651.857142857143
2020-08-25,California,682320,12409.0,6084.0,0.008996859084698272,5485.714285714285
2020-08-26,California,687612,12547.0,5292.0,0.00775589166373547,5310.714285714285
2020-08-27,California,692964,12696.0,5352.0,0.00778345927645252,5235.0
2020-08-28,California,698391,12836.0,5427.0,0.007831575666268353,5186.714285714285
2020-08-29,California,702500,12906.0,4109.0,0.0058835236994749796,4901.428571428572
2020-08-30,California,706589,12939.0,4089.0,0.005820640569395019,4917.857142857143
2020-08-31,California,712543,13020.0,5954.0,0.008426397806928776,4919.857142857143
2020-09-01,California,716630,13149.0,4087.0,0.005735794190666388,4900.285714285715
2020-09-02,California,722037,13330.0,5407.0,0.007545037187949077,4939.142857142857
2020-09-03,California,727403,13497.0,5366.0,0.007431752112426304,4806.285714285715
2020-09-04,California,732693,13644.0,5290.0,0.007272447322873354,4306.571428571428
2020-09-05,California,737074,13708.0,4381.0,0.005979311935558229,4212.0
2020-09-06,California,740233,13730.0,3159.0,0.004285865462626548,3880.0
2020-09-07,California,742689,13763.0,2456.0,0.003317874236895779,3659.4285714285716
2020-09-08,California,746114,13843.0,3425.0,0.004611620745695655,3490.4285714285716
2020-09-09,California,749197,13990.0,3083.0,0.004132076331498924,3358.285714285714
2020-09-10,California,753019,14094.0,3822.0,0.005101461965277387,3308.1428571428573
2020-09-11,California,757126,14265.0,4107.0,0.005454045648250583,3482.0
2020-09-12,California,760582,14333.0,3456.0,0.0045646299294965775,3400.5714285714284
2020-09-13,California,763390,14386.0,2808.0,0.0036919096165830556,3446.0
2020-09-14,California,767063,14458.0,3673.0,0.004811433212381644,3418.0
2020-09-15,California,769918,14606.0,2855.0,0.0037219889370234682,3473.0
2020-09-16,California,773319,14716.0,3401.0,0.004417353536350532,3499.285714285714
2020-09-17,California,776945,14807.0,3626.0,0.0046888800094140315,3526.8571428571427
2020-09-18,California,781437,14912.0,4492.0,0.005781619033522256,3593.8571428571427
2020-09-19,California,785077,15023.0,3640.0,0.004658085040764703,3594.5714285714284
2020-09-20,California,788078,15018.0,3001.0,0.003822554985052351,3576.0
2020-09-21,California,792220,15069.0,4142.0,0.005255824931034825,3532.714285714286
2020-09-22,California,795080,15209.0,2860.0,0.0036101083032491488,3471.285714285714
2020-09-23,California,798351,15313.0,3271.0,0.004114051416209685,3448.285714285714
2020-09-24,California,801674,15389.0,3323.0,0.004162329601892001,3374.4285714285716
2020-09-25,California,805736,15533.0,4062.0,0.00506689751694589,3225.285714285714
2020-09-26,California,809215,15588.0,3479.0,0.004317791435408225,3265.714285714286
2020-09-27,California,811699,15608.0,2484.0,0.003069641566209258,3253.5714285714284
2020-09-28,California,814797,15641.0,3098.0,0.0038166857418822087,3233.285714285714
2020-09-29,California,817940,15791.0,3143.0,0.003857402518664177,3232.714285714286
2020-09-30,California,821126,15898.0,3186.0,0.0038951512335867466,3182.8571428571427
2020-10-01,California,824307,15989.0,3181.0,0.0038739486997123596,3276.714285714286
2020-10-02,California,828365,16074.0,4058.0,0.004922923134220714,3275.0
2020-10-03,California,831495,16122.0,3130.0,0.003778527581440594,3197.714285714286
2020-10-04,California,834636,16150.0,3141.0,0.003777533238323638,3229.714285714286
2020-10-05,California,837722,16179.0,3086.0,0.0036974201927546524,3296.8571428571427
2020-10-06,California,840324,16251.0,2602.0,0.003106042338627768,3266.285714285714
2020-10-07,California,843734,16358.0,3410.0,0.00405795859692204,3258.285714285714
2020-10-08,California,847385,16425.0,3651.0,0.004327193167514842,3205.8571428571427
2020-10-09,California,851229,16502.0,3844.0,0.004536308761660779,3176.8571428571427
2020-10-10,California,854303,16568.0,3074.0,0.003611249146821871,3327.1428571428573
2020-10-11,California,857077,16581.0,2774.0,0.0032470914886171265,3337.1428571428573
2020-10-12,California,859960,16594.0,2883.0,0.0033637584487742345,3285.0
2020-10-13,California,863614,16650.0,3654.0,0.004249034838829768,3267.5714285714284
2020-10-14,California,867094,16752.0,3480.0,0.004029578029073111,3136.4285714285716
2020-10-15,California,870380,16839.0,3286.0,0.0037896698627830627,3045.4285714285716
2020-10-16,California,874102,16901.0,3722.0,0.004276293113352869,3243.714285714286
2020-10-17,California,876258,16940.0,2156.0,0.0024665313659046895,3354.285714285714
2020-10-18,California,878395,16979.0,2137.0,0.002438779446236161,3294.285714285714
2020-10-19,California,882666,16987.0,4271.0,0.004862277221523437,3721.0
2020-10-20,California,887094,17067.0,4428.0,0.005016620103187375,4032.285714285714
2020-10-21,California,890154,17189.0,3060.0,0.0034494653328733804,4341.0
2020-10-22,California,896427,17266.0,6273.0,0.007047095221725641,4421.428571428572
2020-10-23,California,902328,17316.0,5901.0,0.0065828003841919,4434.428571428572
2020-10-24,California,906645,17345.0,4317.0,0.004784291299837706,4505.857142857143
2020-10-25,California,909345,17358.0,2700.0,0.0029780123422067373,4647.285714285715
2020-10-26,California,913707,17398.0,4362.0,0.0047968592778318,4354.714285714285
2020-10-27,California,918635,17478.0,4928.0,0.0053934138624307515,4216.428571428572
2020-10-28,California,922685,17541.0,4050.0,0.004408715104475602,4088.1428571428573
2020-10-29,California,926910,17567.0,4225.0,0.004579027512097822,4221.714285714285
2020-10-30,California,931843,17627.0,4933.0,0.005321983795621987,4348.714285714285
2020-10-31,California,935262,17661.0,3419.0,0.003669073009079815,4393.571428571428
2020-11-01,California,938897,17671.0,3635.0,0.003886611452192046,4563.428571428572
2020-11-02,California,944148,17700.0,5251.0,0.005592732749172713,4856.428571428572
2020-11-03,California,949390,17751.0,5242.0,0.005552095646021549,5110.714285714285
2020-11-04,California,954629,17818.0,5239.0,0.0055182801588389285,5365.571428571428
2020-11-05,California,960905,17866.0,6276.0,0.006574281736674736,5709.142857142857
2020-11-06,California,967618,17939.0,6713.0,0.006986122457474986,5925.0
2020-11-07,California,972821,17964.0,5203.0,0.005377121963419551,6425.142857142857
2020-11-08,California,978861,17975.0,6040.0,0.0062087475496519495,6412.428571428572
2020-11-09,California,985623,18035.0,6762.0,0.00690802882125241,6901.571428571428
2020-11-10,California,994366,18073.0,8743.0,0.008870531633291767,7351.714285714285
2020-11-11,California,999516,18109.0,5150.0,0.005179179497287745,7746.142857142857
2020-11-12,California,1009216,18141.0,9700.0,0.009704697073383617,8163.857142857143
2020-11-13,California,1019080,18218.0,9864.0,0.009773923520832062,8823.857142857143
2020-11-14,California,1027044,18254.0,7964.0,0.00781489186324924,9108.142857142857
2020-11-15,California,1036008,18265.0,8964.0,0.008727961022117814,10004.0
2020-11-16,California,1047390,18304.0,11382.0,0.010986401649408117,10498.42857142857
2020-11-17,California,1058123,18360.0,10733.0,0.010247376812839493,11049.57142857143
2020-11-18,California,1069544,18467.0,11421.0,0.010793641192942571,11832.142857142857
2020-11-19,California,1082705,18555.0,13161.0,0.012305244104029445,11809.285714285714
2020-11-20,California,1096427,18649.0,13722.0,0.012673812349624392,12729.714285714286
2020-11-21,California,1109869,18709.0,13442.0,0.012259822131341247,13558.42857142857
2020-11-22,California,1118673,18726.0,8804.0,0.007932467705648039,13947.42857142857
2020-11-23,California,1136498,18768.0,17825.0,0.015934057584298555,13350.57142857143
2020-11-24,California,1153032,18875.0,16534.0,0.014548199820853203,13808.857142857143
2020-11-25,California,1167176,18982.0,14144.0,0.012266788779496052,13775.285714285714
2020-11-26,California,1176159,19025.0,8983.0,0.007696354277332729,14405.42857142857
2020-11-27,California,1193089,19100.0,16930.0,0.01439431233362165,14391.42857142857
2020-11-28,California,1206296,19132.0,13207.0,0.011069584917805741,14410.42857142857
2020-11-29,California,1219511,19151.0,13215.0,0.010955022647840984,14986.142857142857
2020-11-30,California,1237238,19209.0,17727.0,0.014536154245431199,16825.428571428572
2020-12-01,California,1253905,19327.0,16667.0,0.013471134898863424,17871.285714285714
2020-12-02,California,1272079,19440.0,18174.0,0.014493920990824583,19556.714285714286
2020-12-03,California,1293937,19586.0,21858.0,0.0171828950874906,21782.0
2020-12-04,California,1318188,19791.0,24251.0,0.01874202530725988,23143.0
2020-12-05,California,1343193,19876.0,25005.0,0.018969221385720436,24513.714285714286
2020-12-06,California,1371985,19937.0,28792.0,0.021435489910980765,26456.285714285714
2020-12-07,California,1399239,20052.0,27254.0,0.01986464866598392,28170.714285714286
2020-12-08,California,1425501,20238.0,26262.0,0.018768773597648503,30007.0
2020-12-09,California,1457273,20466.0,31772.0,0.022288304252329638,30246.714285714286
2020-12-10,California,1491132,20636.0,33859.0,0.02323449346827955,31248.714285714286
2020-12-11,California,1528237,20854.0,37105.0,0.024883779571493347,31668.14285714286
2020-12-12,California,1554920,20958.0,26683.0,0.017459988208635258,32809.28571428572
2020-12-13,California,1590726,21043.0,35806.0,0.02302755125665623,36976.42857142857
2020-12-14,California,1620916,21196.0,30190.0,0.0189787556122174,38614.0
2020-12-15,California,1655166,21483.0,34250.0,0.02113002771272532,40205.142857142855
2020-12-16,California,1716108,21881.0,60942.0,0.03681926767466215,41730.142857142855
2020-12-17,California,1761430,22155.0,45322.0,0.02640975975870985,42741.142857142855
2020-12-18,California,1809673,22496.0,48243.0,0.02738854226395593,44607.57142857143
2020-12-19,California,1847031,22651.0,37358.0,0.020643508523363163,44767.857142857145
2020-12-20,California,1889914,22736.0,42883.0,0.02321726056574036,42455.71428571428
2020-12-21,California,1933169,22980.0,43255.0,0.022887284818251086,40940.57142857143
2020-12-22,California,1968541,23254.0,35372.0,0.018297417349440126,36441.42857142857
2020-12-23,California,2013298,23633.0,44757.0,0.022736127924183336,40388.28571428572
2020-12-24,California,2048014,23944.0,34716.0,0.01724334897268065,39627.0
2020-12-25,California,2064763,23964.0,16749.0,0.008178166750813176,39407.857142857145
2020-12-26,California,2129749,24221.0,64986.0,0.031473830168401884,39235.71428571428
2020-12-27,California,2167303,24283.0,37554.0,0.017633063802354076,37466.71428571428
2020-12-28,California,2209024,24529.0,41721.0,0.019250192520381404,37120.857142857145
2020-12-29,California,2243191,24954.0,34167.0,0.015467011675744491,40149.71428571428
2020-12-30,California,2275565,25391.0,32374.0,0.014432119244415675,38322.28571428572
2020-12-31,California,2307860,25965.0,32295.0,0.014192079769200117,38087.57142857143
2021-01-01,California,2345811,26236.0,37951.0,0.016444238385344034,37945.0
2021-01-02,California,2398005,26542.0,52194.0,0.022249874350491083,38390.28571428572
2021-01-03,California,2433916,26635.0,35911.0,0.014975364938772051,39037.857142857145
2021-01-04,California,2474639,26995.0,40723.0,0.016731473066449398,40198.57142857143
2021-01-05,California,2511923,27486.0,37284.0,0.015066439993873804,42058.57142857143
2021-01-06,California,2548830,28040.0,36907.0,0.014692727444272746,41349.28571428572
2021-01-07,California,2589250,28554.0,40420.0,0.015858256533389792,42277.42857142857
2021-01-08,California,2640221,29228.0,50971.0,0.019685623249975803,42263.28571428572
2021-01-09,California,2687450,29699.0,47229.0,0.017888275261805697,43491.857142857145
2021-01-10,California,2729858,30000.0,42408.0,0.01578001451189781,44173.0
2021-01-11,California,2770482,30381.0,40624.0,0.014881360129354704,44215.142857142855
2021-01-12,California,2816366,31105.0,45884.0,0.016561739076449422,42519.857142857145
2021-01-13,California,2858041,31653.0,41675.0,0.014797437548955017,41138.42857142857
2021-01-14,California,2898756,32246.0,40715.0,0.014245771841621568,39586.857142857145
2021-01-15,California,2937860,32947.0,39104.0,0.01348992464353671,37411.0
2021-01-16,California,2975419,33393.0,37559.0,0.012784475774883841,36442.71428571428
2021-01-17,California,3006966,33593.0,31547.0,0.010602540348098932,33250.42857142857
2021-01-18,California,3032359,33742.0,25393.0,0.008444724682620253,31087.571428571428
2021-01-19,California,3071465,34390.0,39106.0,0.01289623029463205,29077.714285714286
2021-01-20,California,3090794,35001.0,19329.0,0.006293088151745119,26995.285714285714
2021-01-21,California,3116369,35704.0,25575.0,0.008274572812034808,25581.428571428572
2021-01-22,California,3141404,36326.0,25035.0,0.008033387573807893,25797.14285714286
2021-01-23,California,3164386,36818.0,22982.0,0.007315837122509494,23300.85714285714
2021-01-24,California,3186036,37118.0,21650.0,0.006841769619762017,23201.0
2021-01-25,California,3212939,37499.0,26903.0,0.008444035158422514,22351.428571428572
2021-01-26,California,3234571,38222.0,21632.0,0.006732776439266397,21595.428571428572
2021-01-27,California,3253201,38927.0,18630.0,0.005759650970716068,20816.285714285714
2021-01-28,California,3272829,39527.0,19628.0,0.006033442138988709,19718.285714285714
2021-01-29,California,3292572,40192.0,19743.0,0.006032395826363057,18388.14285714286
2021-01-30,California,3310100,40694.0,17528.0,0.005323497861246418,17139.0
2021-01-31,California,3324064,40928.0,13964.0,0.004218603667562881,16271.857142857143
2021-02-01,California,3341656,41284.0,17592.0,0.00529231687476539,15565.142857142857
2021-02-02,California,3354544,41858.0,12888.0,0.003856770415626265,14746.42857142857
2021-02-03,California,3367104,42434.0,12560.0,0.003744175065224953,13895.57142857143
2021-02-04,California,3381785,43062.0,14681.0,0.004360126684533672,13357.0
2021-02-05,California,3395797,43631.0,14012.0,0.004143373987406163,12789.0
2021-02-06,California,3407369,43987.0,11572.0,0.0034077419822209354,12449.714285714286
2021-02-07,California,3417563,44152.0,10194.0,0.00299175111354244,11882.857142857143
2021-02-08,California,3431179,44440.0,13616.0,0.003984125530385185,11302.285714285714
2021-02-09,California,3441692,44973.0,10513.0,0.0030639613963596712,10661.285714285714
2021-02-10,California,3450284,45436.0,8592.0,0.0024964465152605975,10316.714285714286
2021-02-11,California,3460901,45976.0,10617.0,0.0030771379979155355,9710.0
2021-02-12,California,3470426,46435.0,9525.0,0.0027521734947055787,8480.42857142857
2021-02-13,California,3479586,46865.0,9160.0,0.0026394454167875114,8234.857142857143
2021-02-14,California,3485533,47055.0,5947.0,0.0017091113712952577,7903.714285714285
2021-02-15,California,3490542,47115.0,5009.0,0.0014370829368133275,7508.142857142857
2021-02-16,California,3499336,47446.0,8794.0,0.002519379511835229,7274.714285714285
2021-02-17,California,3505610,47902.0,6274.0,0.0017929115695092257,6832.142857142857
2021-02-18,California,3513458,48334.0,7848.0,0.0022386974021639805,6646.285714285715
2021-02-19,California,3521349,48794.0,7891.0,0.00224593548578067,6641.571428571428
2021-02-20,California,3527411,49111.0,6062.0,0.0017214993458471994,6279.571428571428
2021-02-21,California,3532057,49340.0,4646.0,0.0013171133162537263,6219.285714285715
2021-02-22,California,3537033,49531.0,4976.0,0.0014088107864624888,5903.0
2021-02-23,California,3543293,49869.0,6260.0,0.0017698449519696346,5761.714285714285
2021-02-24,California,3549145,50953.0,5852.0,0.0016515710103568448,5525.428571428572
2021-02-25,California,3554779,51385.0,5634.0,0.0015874245769051942,5360.142857142857
2021-02-26,California,3561681,51794.0,6902.0,0.0019416115600998651,5248.857142857143
2021-02-27,California,3566089,51979.0,4408.0,0.001237617855164519,4971.285714285715
2021-02-28,California,3569578,52213.0,3489.0,0.0009783827604976647,4764.285714285715
2021-03-01,California,3573775,52487.0,4197.0,0.001175769236587687,4710.142857142857
2021-03-02,California,3578092,52774.0,4317.0,0.001207966366097546,4447.285714285715
2021-03-03,California,3582495,53066.0,4403.0,0.0012305441000399764,4426.571428571428
2021-03-04,California,3587750,53457.0,5255.0,0.001466854803705342,4321.428571428572
2021-03-05,California,3592812,53838.0,5062.0,0.0014109121315588613,4318.571428571428
2021-03-06,California,3597075,54124.0,4263.0,0.0011865357831135626,4293.428571428572
2021-03-07,California,3599828,54217.0,2753.0,0.0007653440642745313,4159.857142857143
2021-03-08,California,3604005,54377.0,4177.0,0.0011603332159202395,3917.714285714286
2021-03-09,California,3608146,54620.0,4141.0,0.0011489995158164845,3523.8571428571427
2021-03-10,California,3611614,54877.0,3468.0,0.0009611584453621536,3448.8571428571427
2021-03-11,California,3615174,55132.0,3560.0,0.0009857088825107052,3376.714285714286
2021-03-12,California,3617479,55336.0,2305.0,0.0006375903345177125,3203.1428571428573
2021-03-13,California,3621217,56373.0,3738.0,0.0010333162956854824,2906.1428571428573
2021-03-14,California,3623465,56523.0,2248.0,0.000620785774506194,2891.8571428571427
2021-03-15,California,3626427,56630.0,2962.0,0.0008174495958979122,2893.5714285714284
2021-03-16,California,3628489,56743.0,2062.0,0.0005686037523986442,3023.1428571428573
2021-03-17,California,3631857,56976.0,3368.0,0.0009282100620946476,2801.8571428571427
2021-03-18,California,3635429,57213.0,3572.0,0.0009835188995601651,2759.0
2021-03-19,California,3638641,57417.0,3212.0,0.0008835270885498847,2751.0
2021-03-20,California,3640830,57495.0,2189.0,0.0006015982340659143,2813.1428571428573
2021-03-21,California,3642778,57586.0,1948.0,0.0005350428336394764,2728.714285714286
2021-03-22,California,3645684,57770.0,2906.0,0.0007977428215499849,2574.285714285714
2021-03-23,California,3648181,57936.0,2497.0,0.000684919482873525,2597.285714285714
2021-03-24,California,3650958,58187.0,2777.0,0.0007612012671520674,2586.0
2021-03-25,California,3653449,58413.0,2491.0,0.0006822866765381352,2617.714285714286
2021-03-26,California,3656822,58630.0,3373.0,0.0009232371931289229,2639.5714285714284
2021-03-27,California,3658932,58801.0,2110.0,0.0005770037480632428,2622.8571428571427
2021-03-28,California,3661102,58927.0,2170.0,0.0005930692344104926,2584.285714285714
2021-03-29,California,3664161,59015.0,3059.0,0.0008355407743352306,2605.8571428571427
2021-03-30,California,3666541,59116.0,2380.0,0.0006495347775383742,2662.1428571428573
2021-03-31,California,3669048,59260.0,2507.0,0.0006837507067287696,2773.0
2021-04-01,California,3671690,59396.0,2642.0,0.0007200777967473204,2695.1428571428573
2021-04-02,California,3675457,59601.0,3767.0,0.0010259580738025686,2702.285714285714
2021-04-03,California,3678343,59675.0,2886.0,0.0007852084788366742,2685.285714285714
2021-04-04,California,3679968,59726.0,1625.0,0.000441775005756595,2672.8571428571427
2021-04-05,California,3683077,59788.0,3109.0,0.00084484430299403,2659.8571428571427
2021-04-06,California,3685338,59874.0,2261.0,0.0006138888760673922,2638.0
2021-04-07,California,3687758,59976.0,2420.0,0.0006566561873022625,2651.0
2021-04-08,California,3690309,60115.0,2551.0,0.0006917482112438478,2975.285714285714
2021-04-09,California,3693923,60272.0,3614.0,0.0009793217857907432,3031.1428571428573
2021-04-10,California,3696900,60361.0,2977.0,0.0008059182608841642,3080.8571428571427
2021-04-11,California,3700795,60446.0,3895.0,0.0010535854364468467,3090.5714285714284
2021-04-12,California,3704295,60484.0,3500.0,0.0009457427390602291,3058.285714285714
2021-04-13,California,3706904,60535.0,2609.0,0.0007043175557022163,2945.5714285714284
2021-04-14,California,3709392,60710.0,2488.0,0.0006711800467451567,2837.0
2021-04-15,California,3711717,60797.0,2325.0,0.0006267873549088421,2510.285714285714
2021-04-16,California,3714542,60911.0,2825.0,0.0007611032845444843,2375.285714285714
2021-04-17,California,3716759,60977.0,2217.0,0.000596843433187777,2357.285714285714
2021-04-18,California,3718367,61022.0,1608.0,0.000432634991937908,2280.4285714285716
2021-04-19,California,3720922,61034.0,2555.0,0.0006871295921031528,2313.4285714285716
2021-04-20,California,3723405,61111.0,2483.0,0.0006673077264183203,2233.285714285714
2021-04-21,California,3725355,61199.0,1950.0,0.000523714180971524,1970.0
2021-04-22,California,3727911,61290.0,2556.0,0.0006861091090648586,1933.2857142857142
2021-04-23,California,3730175,61390.0,2264.0,0.0006073106359030245,1958.2857142857142
2021-04-24,California,3730549,61428.0,374.0,0.00010026339246826943,1906.857142857143
2021-04-25,California,3731900,61463.0,1351.0,0.00036214508910092924,1878.857142857143
2021-04-26,California,3734630,61485.0,2730.0,0.0007315308555964073,1711.4285714285713
2021-04-27,California,3736753,61504.0,2123.0,0.0005684632748090834,1721.2857142857142
2021-04-28,California,3738507,61571.0,1754.0,0.000469391474362979,1890.142857142857
2021-04-29,California,3739891,61650.0,1384.0,0.00037020125948683535,1891.2857142857142
2021-04-30,California,3742224,61756.0,2333.0,0.000623814972147585,1822.7142857142858
2021-05-01,California,3743780,61853.0,1556.0,0.0004157955269379343,1831.857142857143
2021-05-02,California,3745139,61924.0,1359.0,0.0003630020994822569,1820.142857142857
2021-05-03,California,3747389,61961.0,2250.0,0.0006007787694928268,1986.4285714285713
2021-05-04,California,3749576,62016.0,2187.0,0.0005836063456450269,1960.857142857143
2021-05-05,California,3751248,62065.0,1672.0,0.00044591708502506044,1924.142857142857
2021-05-06,California,3753796,62169.0,2548.0,0.0006792406153899311,1880.5714285714287
2021-05-07,California,3755950,62211.0,2154.0,0.0005738191420099348,1856.7142857142858
2021-05-08,California,3757249,62270.0,1299.0,0.00034585124935104794,1771.5714285714287
2021-05-09,California,3758303,62310.0,1054.0,0.00028052439431092147,1761.7142857142858
2021-05-10,California,3760386,62332.0,2083.0,0.0005542395065005756,1650.0
2021-05-11,California,3761977,62363.0,1591.0,0.00042309486313363287,1570.142857142857
2021-05-12,California,3763580,62468.0,1603.0,0.0004261057417416225,1571.857142857143
2021-05-13,California,3765346,62573.0,1766.0,0.0004692340803171824,1535.5714285714287
2021-05-14,California,3766941,62626.0,1595.0,0.0004235998497881255,1422.5714285714287
2021-05-15,California,3768252,62647.0,1311.0,0.00034802774983733187,1349.142857142857
2021-05-16,California,3769052,62681.0,800.0,0.00021230002664363035,1347.2857142857142
2021-05-17,California,3770344,62701.0,1292.0,0.00034279176832785474,1317.7142857142858
2021-05-18,California,3771421,62723.0,1077.0,0.00028565032792760015,1280.4285714285713
2021-05-19,California,3773011,62760.0,1590.0,0.00042159175546818695,1203.857142857143
2021-05-20,California,3774570,62811.0,1559.0,0.00041319784119364655,1193.4285714285713
2021-05-21,California,3775904,62857.0,1334.0,0.00035341774029884476,1213.5714285714287
2021-05-22,California,3776679,62903.0,775.0,0.0002052488622592552,1243.857142857143
2021-05-23,California,3777406,62928.0,727.0,0.0001924971648370466,1196.7142857142858
2021-05-24,California,3778839,62947.0,1433.0,0.0003793608629838463,1729.142857142857
2021-05-25,California,3780128,62979.0,1289.0,0.00034111006052395254,1745.142857142857
2021-05-26,California,3781388,63014.0,1260.0,0.0003333220462375941,1745.0
2021-05-27,California,3786674,63163.0,5286.0,0.0013978993956715868,1727.142857142857
2021-05-28,California,3788120,63215.0,1446.0,0.0003818654576548397,1577.7142857142858
2021-05-29,California,3788894,63236.0,774.0,0.0002043229887120912,1580.0
2021-05-30,California,3789496,63247.0,602.0,0.00015888541616626561,1531.857142857143
2021-05-31,California,3789883,63249.0,387.0,0.00010212439860080025,931.4285714285714
2021-06-01,California,3791188,63260.0,1305.0,0.0003443378067344849,893.2857142857143
2021-06-02,California,3792111,63284.0,923.0,0.0002434593061595436,901.1428571428571
2021-06-03,California,3793194,63340.0,1083.0,0.0002855929059037976,923.2857142857143
2021-06-04,California,3794373,62965.0,1179.0,0.00031081985260961176,1036.857142857143
2021-06-05,California,3795202,63000.0,829.0,0.0002184814197234708,1005.2857142857143
2021-06-06,California,3795959,63120.0,757.0,0.00019946237380774612,1009.0
2021-06-07,California,3797141,63132.0,1182.0,0.0003113837636286032,1004.0
2021-06-08,California,3798225,63155.0,1084.0,0.0002854779424834586,976.0
2021-06-09,California,3799174,63167.0,949.0,0.0002498535500135013,944.2857142857143
2021-06-10,California,3800222,63206.0,1048.0,0.0002758494346402074,918.7142857142857
2021-06-11,California,3801205,63251.0,983.0,0.00025866909880534195,907.7142857142857
2021-06-12,California,3801812,63143.0,607.0,0.00015968620476924933,900.5714285714286
2021-06-13,California,3802390,63145.0,578.0,0.00015203276753306127,888.0
2021-06-14,California,3803495,63150.0,1105.0,0.000290606697366691,882.5714285714286
2021-06-15,California,3804529,63205.0,1034.0,0.000271855227889084,905.2857142857143
2021-06-16,California,3805390,63224.0,861.0,0.0002263092225083252,896.5714285714286
2021-06-17,California,3806400,63254.0,1010.0,0.00026541300628846187,906.1428571428571
2021-06-18,California,3807542,63290.0,1142.0,0.0003000210172341422,932.7142857142857
2021-06-19,California,3808088,63309.0,546.0,0.0001433996000570481,938.5714285714286
2021-06-20,California,3808733,63337.0,645.0,0.00016937633794178453,941.2857142857143
2021-06-21,California,3810024,63353.0,1291.0,0.00033895786341542333,941.8571428571429
2021-06-22,California,3811099,63370.0,1075.0,0.00028215045364543556,978.7142857142857
2021-06-23,California,3811979,63425.0,880.0,0.00023090452386576032,1012.8571428571429
2021-06-24,California,3812993,63490.0,1014.0,0.00026600356402806113,1044.5714285714287
2021-06-25,California,3814393,63543.0,1400.0,0.00036716563602401386,1090.142857142857
2021-06-26,California,3815178,63555.0,785.0,0.00020579945485432738,1030.2857142857142
2021-06-27,California,3816045,63586.0,867.0,0.0002272502095577167,675.0
2021-06-28,California,3817655,63597.0,1610.0,0.0004219027815448584,7659.0
2021-06-29,California,3818311,63610.0,656.0,0.0001718332327043104,7715.0
2021-06-30,California,3816704,63662.0,-1607.0,-0.0004208667130571886,7602.857142857143
2021-07-01,California,3866606,63709.0,49902.0,0.013074631933731373,7479.0
2021-07-02,California,3868398,63649.0,1792.0,0.0004634555473197466,7249.0
2021-07-03,California,3868398,63648.0,0.0,0.0,7973.857142857143
2021-07-04,California,3868398,63648.0,0.0,0.0,8393.714285714286
2021-07-05,California,3868398,63648.0,0.0,0.0,5274.571428571428
2021-07-06,California,3874128,63710.0,5730.0,0.0014812333167373293,5355.428571428572
2021-07-07,California,3875460,63748.0,1332.0,0.00034381930591864673,5416.714285714285
2021-07-08,California,3903528,63805.0,28068.0,0.007242495084454514,5575.714285714285
2021-07-09,California,3905886,63870.0,2358.0,0.0006040689345638839,6535.714285714285
2021-07-10,California,3906315,63874.0,429.0,0.00010983423479338228,6381.285714285715
2021-07-11,California,3907428,63877.0,1113.0,0.0002849232588770789,6635.142857142857
2021-07-12,California,3914148,63954.0,6720.0,0.0017198013629424747,3151.8571428571427
2021-07-13,California,3918797,63972.0,4649.0,0.0011877425176565204,3518.8571428571427
2021-07-14,California,3921906,64002.0,3109.0,0.0007933557160526572,3711.4285714285716
2021-07-15,California,3925591,64041.0,3685.0,0.000939594166713853,3785.714285714286
2021-07-16,California,3930518,64083.0,4927.0,0.0012550976400751424,4437.571428571428
2021-07-17,California,3932295,64085.0,1777.0,0.0004521032596720431,4619.571428571428
2021-07-18,California,3933928,64086.0,1633.0,0.00041527911817396124,5102.714285714285
2021-07-19,California,3945211,64127.0,11283.0,0.002868125700317803,5850.571428571428
2021-07-20,California,3951134,64132.0,5923.0,0.0015013138714254914,6412.0
2021-07-21,California,3957625,64146.0,6491.0,0.0016428195044764227,6527.857142857143
2021-07-22,California,3966545,64174.0,8920.0,0.0022538770095701377,6592.285714285715
2021-07-23,California,3975402,64219.0,8857.0,0.0022329256317525914,7310.285714285715
2021-07-24,California,3977990,64220.0,2588.0,0.0006510033450706221,7692.428571428572
2021-07-25,California,3980074,64225.0,2084.0,0.0005238826643605421,7864.0
2021-07-26,California,3996383,64265.0,16309.0,0.004097662505772481,8047.857142857143
2021-07-27,California,4004981,64296.0,8598.0,0.002151445444543265,8392.57142857143
2021-07-28,California,4012673,64325.0,7692.0,0.001920608362436571,8500.0
2021-07-29,California,4022880,64372.0,10207.0,0.0025436909511440398,8676.714285714286
2021-07-30,California,4034150,64415.0,11270.0,0.002801475559798039,9982.285714285714
2021-07-31,California,4037490,64417.0,3340.0,0.0008279315345240956,9844.285714285714
2021-08-01,California,4040811,64417.0,3321.0,0.0008225407369431004,10189.857142857143
2021-08-02,California,4066259,64538.0,25448.0,0.006297745675311273,10519.714285714286
2021-08-03,California,4073891,64533.0,7632.0,0.0018769094639570216,11034.714285714286
2021-08-04,California,4084002,64626.0,10111.0,0.002481902436761274,11147.42857142857
2021-08-05,California,4096518,64680.0,12516.0,0.0030646410065420238,13366.285714285714
2021-08-06,California,4111393,64719.0,14875.0,0.003631132586259911,11586.42857142857
2021-08-07,California,4115522,64732.0,4129.0,0.0010042824901439484,11878.142857142857
2021-08-08,California,4134375,64777.0,18853.0,0.0045809498770750245,12073.57142857143
2021-08-09,California,4147364,64787.0,12989.0,0.003141708238851182,11908.0
2021-08-10,California,4157038,64838.0,9674.0,0.0023325659382682495,11928.142857142857
2021-08-11,California,4168517,64481.0,11479.0,0.0027613411279858724,13243.42857142857
2021-08-12,California,4179874,64533.0,11357.0,0.0027244701173103625,12177.285714285714
2021-08-13,California,4194890,64596.0,15016.0,0.003592452786854272,12211.57142857143
2021-08-14,California,4208226,64630.0,13336.0,0.0031791060075472277,12386.857142857143
2021-08-15,California,4219616,64661.0,11390.0,0.002706603685258324,12990.57142857143
2021-08-16,California,4232845,64684.0,13229.0,0.003135119404230169,13949.857142857143
2021-08-17,California,4243746,64727.0,10901.0,0.0025753364462908213,15531.57142857143
2021-08-18,California,4259451,64816.0,15705.0,0.003700739865204028,15446.285714285714
2021-08-19,California,4277523,64908.0,18072.0,0.004242800304546268,15527.42857142857
2021-08-20,California,4303611,65020.0,26088.0,0.006098856744896519,15503.42857142857
2021-08-21,California,4316350,65082.0,12739.0,0.002960072367135469,15535.0
2021-08-22,California,4328308,65127.0,11958.0,0.002770396283897192,15161.857142857143
2021-08-23,California,4341369,65160.0,13061.0,0.00301757638319633,14881.142857142857
2021-08-24,California,4352491,65228.0,11122.0,0.0025618647021250496,13232.42857142857
2021-08-25,California,4365584,65368.0,13093.0,0.003008162452259988,13429.0
2021-08-26,California,4381691,65483.0,16107.0,0.003689540734985286,13419.714285714286
2021-08-27,California,4396238,65605.0,14547.0,0.003319951133021526,13762.0
2021-08-28,California,4410353,65676.0,14115.0,0.003210699693692698,13813.57142857143
2021-08-29,California,4422246,65746.0,11893.0,0.0026966095457665595,15190.57142857143
2021-08-30,California,4437703,65793.0,15457.0,0.0034952827138066134,14940.714285714286
2021-08-31,California,4449186,65863.0,11483.0,0.0025875999362734436,14580.0
2021-09-01,California,4471918,65987.0,22732.0,0.0051092491974935594,13953.142857142857
2021-09-02,California,4486276,66153.0,14358.0,0.0032107028796144466,13761.42857142857
2021-09-03,California,4498298,66297.0,12022.0,0.0026797281308594822,12561.0
2021-09-04,California,4508025,66388.0,9727.0,0.0021623734132332206,12512.142857142857
2021-09-05,California,4518576,66481.0,10551.0,0.0023404927878616366,10559.142857142857
2021-09-06,California,4525630,66496.0,7054.0,0.0015611112881579459,10087.0
2021-09-07,California,4536771,66569.0,11141.0,0.00246175670569615,9778.285714285714
2021-09-08,California,4545832,66722.0,9061.0,0.001997235478713888,9696.42857142857
2021-09-09,California,4556885,66898.0,11053.0,0.0024314580917199624,9245.142857142857
2021-09-10,California,4566746,67062.0,9861.0,0.002163978243910014,10531.142857142857
2021-09-11,California,4575900,67149.0,9154.0,0.0020044907249057164,10189.0
2021-09-12,California,4583292,67199.0,7392.0,0.0016154199173932238,10146.0
2021-09-13,California,4599348,67312.0,16056.0,0.003503158864850864,10323.0
2021-09-14,California,4608094,67422.0,8746.0,0.0019015738752536926,10350.42857142857
2021-09-15,California,4616854,67647.0,8760.0,0.001901002887527925,10223.142857142857
2021-09-16,California,4629146,67825.0,12292.0,0.002662419041191244,10176.857142857143
2021-09-17,California,4639199,67948.0,10053.0,0.002171674861842776,9125.42857142857
2021-09-18,California,4647462,68034.0,8263.0,0.0017811264401461635,8828.714285714286
2021-09-19,California,4654530,68106.0,7068.0,0.00152083007886894,8656.857142857143
2021-09-20,California,4663226,68158.0,8696.0,0.0018682874532982563,8290.285714285714
2021-09-21,California,4669895,68244.0,6669.0,0.0014301258399227468,7924.857142857143
2021-09-22,California,4677452,68402.0,7557.0,0.0016182376691553646,6966.571428571428
2021-09-23,California,4687178,68532.0,9726.0,0.0020793372117982045,6125.285714285715
2021-09-24,California,4694673,68710.0,7495.0,0.0015990431769392632,7733.0
2021-09-25,California,4696228,68740.0,1555.0,0.0003312264773287499,7538.142857142857
2021-09-26,California,4697407,68756.0,1179.0,0.00025105254685242606,7479.0
2021-09-27,California,4717357,68917.0,19950.0,0.004247023943209527,7409.714285714285
2021-09-28,California,4722662,68985.0,5305.0,0.001124570389733126,7486.571428571428
2021-09-29,California,4729805,69133.0,7143.0,0.0015124944364004467,7459.142857142857
2021-09-30,California,4739046,69278.0,9241.0,0.001953780335552935,7441.571428571428
2021-10-01,California,4747079,69387.0,8033.0,0.001695066897430486,6781.714285714285
2021-10-02,California,4748442,69405.0,1363.0,0.00028712393452900997,6674.428571428572
2021-10-03,California,4749498,69420.0,1056.0,0.00022238873297819595,6567.714285714285
2021-10-04,California,4764829,69574.0,15331.0,0.003227920087554459,6271.142857142857
2021-10-05,California,4769383,69652.0,4554.0,0.0009557530815900162,6099.142857142857
2021-10-06,California,4775779,69819.0,6396.0,0.0013410539686160572,6075.142857142857
2021-10-07,California,4782944,69985.0,7165.0,0.0015002788026832192,6072.714285714285
2021-10-08,California,4789773,70132.0,6829.0,0.0014277817177035246,5795.142857142857
2021-10-09,California,4790968,70156.0,1195.0,0.000249489902757416,5904.571428571428
2021-10-10,California,4792007,70160.0,1039.0,0.00021686640361617826,5664.285714285715
2021-10-11,California,4805395,70295.0,13388.0,0.0027938189572760397,5565.285714285715
2021-10-12,California,4810715,70343.0,5320.0,0.0011070890114133203,5506.428571428572
2021-10-13,California,4815429,70459.0,4714.0,0.0009798959198372703,5492.428571428572
2021-10-14,California,4821901,70607.0,6472.0,0.0013440131709967496,5471.857142857143
2021-10-15,California,4828318,70766.0,6417.0,0.0013308029343612748,5666.428571428572
2021-10-16,California,4829415,70778.0,1097.0,0.00022720127381825606,5501.428571428572
2021-10-17,California,4830310,70784.0,895.0,0.0001853226529506813,5421.285714285715
2021-10-18,California,4845060,70981.0,14750.0,0.0030536342387963433,5556.571428571428
2021-10-19,California,4849225,71046.0,4165.0,0.000859638477129332,5534.428571428572
2021-10-20,California,4853378,71192.0,4153.0,0.0008564255112930574,5543.571428571428
2021-10-21,California,4860797,71369.0,7419.0,0.0015286260414910657,5546.142857142857
2021-10-22,California,4867059,71504.0,6262.0,0.0012882661012174612,3949.5714285714284
2021-10-23,California,4868220,71519.0,1161.0,0.00023854241339593685,5830.142857142857
2021-10-24,California,4869133,71528.0,913.0,0.00018754288014921627,5964.142857142857
2021-10-25,California,4872707,71639.0,3574.0,0.0007340115786527157,6772.714285714285
2021-10-26,California,4890036,71800.0,17329.0,0.003556339422829957,6878.142857142857
2021-10-27,California,4895127,71935.0,5091.0,0.0010410966299634339,6913.428571428572
2021-10-28,California,4908206,72026.0,13079.0,0.0026718407918733256,6935.714285714285
2021-10-29,California,4915206,72140.0,7000.0,0.0014261830086186311,8741.142857142857
2021-10-30,California,4916614,72144.0,1408.0,0.00028645798365323216,6860.285714285715
2021-10-31,California,4917683,72140.0,1069.0,0.00021742605785202151,6847.428571428572
2021-11-01,California,4933895,72289.0,16212.0,0.003296674470477212,6183.428571428572
2021-11-02,California,4938058,72365.0,4163.0,0.0008437552886715327,6257.714285714285
2021-11-03,California,4943059,72471.0,5001.0,0.0010127463063414055,6288.428571428572
2021-11-04,California,4951490,72560.0,8431.0,0.0017056239870898438,6299.857142857143
2021-11-05,California,4959010,72650.0,7520.0,0.001518734764687002,6352.571428571428
2021-11-06,California,4960633,72671.0,1623.0,0.0003272830665799198,6377.714285714285
2021-11-07,California,4961782,72698.0,1149.0,0.0002316236657700088,6340.0
2021-11-08,California,4978363,72811.0,16581.0,0.0033417429463848958,6062.857142857143
2021-11-09,California,4982702,72922.0,4339.0,0.0008715716391110018,5425.142857142857
2021-11-10,California,4987439,73075.0,4737.0,0.0009506890036772297,6484.571428571428
2021-11-11,California,4993930,73132.0,6491.0,0.0013014695518080988,6454.0
2021-11-12,California,4996986,73201.0,3056.0,0.000611942898679052,5174.285714285715
2021-11-13,California,5006025,73279.0,9039.0,0.0018088903991326788,5254.571428571428
2021-11-14,California,5006960,73286.0,935.0,0.00018677493620189445,5282.285714285715
2021-11-15,California,5014583,73411.0,7623.0,0.001522480706856122,5301.714285714285
2021-11-16,California,5019484,73487.0,4901.0,0.000977349462557564,5735.142857142857
2021-11-17,California,5024415,73614.0,4931.0,0.0009823718932064907,4708.571428571428
2021-11-18,California,5031042,73781.0,6627.0,0.0013189595206606342,4724.857142857143
2021-11-19,California,5037132,73901.0,6090.0,0.001210484826006164,5262.142857142857
2021-11-20,California,5038985,73927.0,1853.0,0.00036786806460509247,5210.714285714285
2021-11-21,California,5040034,73938.0,1049.0,0.00020817684513851908,5101.714285714285
2021-11-22,California,5051418,74042.0,11384.0,0.002258714921367533,4155.285714285715
2021-11-23,California,5055959,74157.0,4541.0,0.0008989555012077766,3569.5714285714284
2021-11-24,California,5060127,74308.0,4168.0,0.0008243737736006729,3393.1428571428573
2021-11-25,California,5060129,74314.0,2.0,3.952469966872485e-07,3325.285714285714
2021-11-26,California,5062119,74355.0,1990.0,0.0003932706063423108,4157.714285714285
2021-11-27,California,5062737,74374.0,618.0,0.0001220832619699408,4216.857142857143
2021-11-28,California,5063311,74385.0,574.0,0.00011337740830708043,4310.428571428572
2021-11-29,California,5080522,74553.0,17211.0,0.003399159166798116,5665.571428571428
2021-11-30,California,5085477,74670.0,4955.0,0.0009752934836222416,6489.142857142857
2021-12-01,California,5090300,74781.0,4823.0,0.0009483869458066785,6728.0
2021-12-02,California,5099788,74884.0,9488.0,0.001863937292497564,6879.714285714285
2021-12-03,California,5107543,74987.0,7755.0,0.0015206514466876708,6918.285714285715
2021-12-04,California,5109833,75006.0,2290.0,0.0004483564798181128,7095.714285714285
2021-12-05,California,5111469,75008.0,1636.0,0.00032016701915704715,7277.571428571428
2021-12-06,California,5128950,75102.0,17481.0,0.0034199561808943013,7016.571428571428
2021-12-07,California,5135147,75169.0,6197.0,0.0012082395032122495,6848.714285714285
2021-12-08,California,5141243,75279.0,6096.0,0.0011871130466176716,6780.0
2021-12-09,California,5148904,75374.0,7661.0,0.0014901065753942788,6756.428571428572
2021-12-10,California,5155484,75445.0,6580.0,0.0012779418687938193,6380.857142857143
2021-12-11,California,5157293,75468.0,1809.0,0.00035088849077991036,6307.285714285715
2021-12-12,California,5158764,75477.0,1471.0,0.00028522715308199054,6202.857142857143
2021-12-13,California,5173616,75571.0,14852.0,0.002878984190786804,6287.285714285715
2021-12-14,California,5179298,75637.0,5682.0,0.0010982647339887741,6594.285714285715
2021-12-15,California,5184663,75718.0,5365.0,0.0010358546660185208,6864.571428571428
2021-12-16,California,5192915,75792.0,8252.0,0.0015916174301009445,7154.714285714285
2021-12-17,California,5201644,75898.0,8729.0,0.001680944132534501,7759.285714285715
2021-12-18,California,5205345,75917.0,3701.0,0.0007115058239279826,8501.857142857143
2021-12-19,California,5208847,75927.0,3502.0,0.0006727700085200627,9505.857142857143
2021-12-20,California,5227931,76014.0,19084.0,0.0036637666646763822,11193.142857142857
2021-12-21,California,5238811,76078.0,10880.0,0.002081129226839451,12851.57142857143
2021-12-22,California,5251204,76151.0,12393.0,0.0023656131133571456,12322.857142857143
2021-12-23,California,5271267,76249.0,20063.0,0.0038206476076725338,14793.142857142857
2021-12-24,California,5291605,76317.0,20338.0,0.0038582754392824103,14448.0
2021-12-25,California,5291605,76319.0,0.0,0.0,19948.571428571428
2021-12-26,California,5312399,76332.0,20794.0,0.003929620597153516,22487.0
2021-12-27,California,5329067,76368.0,16668.0,0.003137565533010589,26671.428571428572
2021-12-28,California,5378451,76453.0,49384.0,0.009266912951178874,32001.14285714286
2021-12-29,California,5408613,76548.0,30162.0,0.005607934329047604,32001.14285714286
2021-12-30,California,5457967,76644.0,49354.0,0.009125075134789551,35417.71428571428
2021-12-31,California,5515613,76709.0,57646.0,0.010561808087150348,39659.71428571428
2022-01-01,California,5515613,76709.0,0.0,0.0,52855.142857142855
2022-01-02,California,5560323,76712.0,44710.0,0.008106079958836832,57019.28571428572
2022-01-03,California,5606685,76745.0,46362.0,0.008338004824539835,62096.71428571428
2022-01-04,California,5748437,76821.0,141752.0,0.02528267594844369,69663.28571428571
2022-01-05,California,5807748,76967.0,59311.0,0.0103177611583809,74577.0
2022-01-06,California,5892644,77042.0,84896.0,0.014617714129469883,74708.57142857143
2022-01-07,California,6003256,77231.0,110612.0,0.01877120016074274,100652.85714285714
2022-01-08,California,6037652,77248.0,34396.0,0.00572955742683634,99890.0
2022-01-09,California,6083283,77260.0,45631.0,0.007557739333104996,107011.57142857143
2022-01-10,California,6311255,77412.0,227972.0,0.03747515938351054,117703.0
2022-01-11,California,6447667,77447.0,136412.0,0.021614084678879264,118460.28571428571
2022-01-12,California,6556829,77595.0,109162.0,0.01693046492630601,119536.14285714286
2022-01-13,California,6716565,77839.0,159736.0,0.024361776096341714,119460.85714285714
2022-01-14,California,6832478,77940.0,115913.0,0.0172577798323994,118498.42857142857
2022-01-15,California,6874405,77966.0,41927.0,0.006136426637597614,109623.0
2022-01-16,California,6919509,78017.0,45104.0,0.006561149655861076,109647.0
2022-01-17,California,7140744,78142.0,221235.0,0.031972644301784925,110092.42857142857
2022-01-18,California,7215028,78224.0,74284.0,0.010402837575468338,112756.57142857143
2022-01-19,California,7324358,78325.0,109330.0,0.015153094346965768,112360.71428571429
2022-01-20,California,7487212,78529.0,162854.0,0.022234576736964495,109844.71428571429
2022-01-21,California,7621774,78700.0,134562.0,0.017972243873954685,109072.57142857143
2022-01-22,California,7660930,78775.0,39156.0,0.00513738665040453,109985.14285714286
2022-01-23,California,7688422,78839.0,27492.0,0.0035885982511261183,104436.0
2022-01-24,California,7904252,79001.0,215830.0,0.028072080330658222,97949.0
2022-01-25,California,7984924,79118.0,80672.0,0.01020615233421207,89558.14285714286
2022-01-26,California,8055410,79353.0,70486.0,0.008827385207423433,87063.28571428571
2022-01-27,California,8172855,79643.0,117445.0,0.01457964274940693,85587.57142857143
2022-01-28,California,8248681,79934.0,75826.0,0.009277786036825608,72509.57142857143
2022-01-29,California,8270373,80004.0,21692.0,0.0026297537751793776,66020.71428571429
2022-01-30,California,8287535,80038.0,17162.0,0.002075118014628785,61157.142857142855
2022-01-31,California,8411819,80267.0,124284.0,0.014996497752347349,55596.42857142857
2022-02-01,California,8447069,80434.0,35250.0,0.004190532392577717,50826.28571428572
2022-02-02,California,8483510,80727.0,36441.0,0.004314040763725213,49149.142857142855
2022-02-03,California,8562030,80922.0,78520.0,0.009255602928504914,47689.28571428572
2022-02-04,California,8604465,81180.0,42435.0,0.00495618445625623,35275.42857142857
2022-02-05,California,8614417,81267.0,9952.0,0.0011566088071717218,36461.42857142857
2022-02-06,California,8621360,81334.0,6943.0,0.0008059744495767518,38629.857142857145
2022-02-07,California,8658747,81524.0,37387.0,0.004336554789499569,29382.85714285714
2022-02-08,California,8702299,81806.0,43552.0,0.005029827063892656,26685.85714285714
2022-02-09,California,8753919,82108.0,51620.0,0.005931765847162929,25929.85714285714
2022-02-10,California,8767710,82321.0,13791.0,0.0015754086826711422,25631.428571428572
2022-02-11,California,8791266,82578.0,23556.0,0.002686676452574366,25147.285714285714
2022-02-12,California,8795926,82660.0,4660.0,0.0005300715505593967,20687.428571428572
2022-02-13,California,8800780,82727.0,4854.0,0.0005518463888849467,15413.42857142857
2022-02-14,California,8834778,83028.0,33998.0,0.0038630666827259574,14693.57142857143
2022-02-15,California,8847111,83226.0,12333.0,0.0013959603738769033,13498.0
2022-02-16,California,8861813,83466.0,14702.0,0.0016617854122096265,13292.142857142857
2022-02-17,California,8870565,83686.0,8752.0,0.0009876082918924833,12974.42857142857
2022-02-18,California,8885752,83936.0,15187.0,0.0017120668187426968,8306.57142857143
2022-02-19,California,8888971,84020.0,3219.0,0.00036226534343963834,10557.285714285714
2022-02-20,California,8891601,84089.0,2630.0,0.0002958722668799929,9638.0
2022-02-21,California,8892924,84109.0,1323.0,0.0001487921016698479,10418.142857142857
2022-02-22,California,8921012,84437.0,28088.0,0.003158466214262079,10152.285714285714
2022-02-23,California,8929279,84580.0,8267.0,0.0009266885864518404,10003.142857142857
2022-02-24,California,8943492,84832.0,14213.0,0.001591729858592128,9627.42857142857
2022-02-25,California,8956818,85078.0,13326.0,0.0014900220182452184,11817.714285714286
2022-02-26,California,8958993,85142.0,2175.0,0.0002428317735159169,8280.42857142857
2022-02-27,California,8958993,85142.0,0.0,0.0,7922.571428571428
2022-02-28,California,8975648,85564.0,16655.0,0.0018590258972186469,7373.0
2022-03-01,California,8978975,85682.0,3327.0,0.0003706696162772971,6394.428571428572
2022-03-02,California,8984737,85975.0,5762.0,0.0006417213546090483,6277.857142857143
2022-03-03,California,8995103,86135.0,10366.0,0.0011537343830987368,6301.142857142857
2022-03-04,California,9001579,86345.0,6476.0,0.0007199472868737455,5435.857142857143
2022-03-05,California,9002938,86394.0,1359.0,0.00015097351253601232,5425.857142857143
2022-03-06,California,9003101,86429.0,163.0,1.8105200768836482e-05,5292.0
2022-03-07,California,9013699,86731.0,10598.0,0.00117714996199636,4782.285714285715
2022-03-08,California,9016956,86818.0,3257.0,0.0003613388909480264,4595.0
2022-03-09,California,9021781,87032.0,4825.0,0.000535102977102353,4623.285714285715
2022-03-10,California,9028579,87197.0,6798.0,0.0007535097560005255,4600.0
2022-03-11,California,9033744,87322.0,5165.0,0.0005720723050659515,4329.714285714285
2022-03-12,California,9035301,87386.0,1557.0,0.00017235378819679958,4091.4285714285716
2022-03-13,California,9035301,87386.0,0.0,0.0,3848.0
2022-03-14,California,9044007,87665.0,8706.0,0.0009635539535428617,3711.0
2022-03-15,California,9045596,87713.0,1589.0,0.00017569645843917847,3899.5714285714284
2022-03-16,California,9048717,87869.0,3121.0,0.000345029780237871,4134.0
2022-03-17,California,9054556,88015.0,5839.0,0.0006452848508800013,4134.0
2022-03-18,California,9061041,88131.0,6485.0,0.0007162140252929827,4200.285714285715
2022-03-19,California,9064239,88156.0,3198.0,0.0003529395794588108,4158.142857142857
2022-03-20,California,9064239,88162.0,0.0,0.0,4349.571428571428
2022-03-21,California,9073409,88322.0,9170.0,0.0010116679403533446,4208.142857142857
2022-03-22,California,9074703,88367.0,1294.0,0.00014261453440478356,3800.4285714285716
2022-03-23,California,9079164,88461.0,4461.0,0.0004915863362140449,3482.4285714285716
2022-03-24,California,9084013,88571.0,4849.0,0.0005340800100097631,3482.4285714285716
2022-03-25,California,9087644,88689.0,3631.0,0.00039971321045007,2948.285714285714
2022-03-26,California,9088616,88708.0,972.0,0.00010695841518448823,2947.4285714285716
2022-03-27,California,9088616,88709.0,0.0,0.0,2761.1428571428573
2022-03-28,California,9094047,88814.0,5431.0,0.0005975607287183049,2848.714285714286
2022-03-29,California,9095335,88838.0,1288.0,0.0001416311131887671,2936.285714285714
2022-03-30,California,9098492,88942.0,3157.0,0.00034710101387136483,2798.0
2022-03-31,California,9103954,89018.0,5462.0,0.0006003192616974573,2798.0
2022-04-01,California,9108198,89076.0,4244.0,0.0004661710724811474,2356.714285714286
2022-04-02,California,9108202,89076.0,4.0,4.391648051882413e-07,3177.714285714286
2022-04-03,California,9108202,89078.0,0.0,0.0,2882.714285714286
2022-04-04,California,9110544,89120.0,2342.0,0.0002571308804963923,2274.8571428571427
2022-04-05,California,9117579,89240.0,7035.0,0.0007721822099755471,3402.5714285714284
2022-04-06,California,9118671,89273.0,1092.0,0.00011976863595042353,3402.4285714285716
2022-04-07,California,9119878,89324.0,1207.0,0.00013236578005715316,3402.4285714285716
2022-04-08,California,9132016,89426.0,12138.0,0.001330938856857422,3464.285714285714
2022-04-09,California,9132019,89429.0,3.0,3.285145360187869e-07,2591.4285714285716
2022-04-10,California,9132019,89438.0,0.0,0.0,2586.5714285714284
2022-04-11,California,9134794,89484.0,2775.0,0.0003038758460751634,4475.285714285715
2022-04-12,California,9135719,89514.0,925.0,0.00010126117786568578,3774.8571428571427
2022-04-13,California,9136777,89554.0,1058.0,0.00011580916619702286,3774.4285714285716
2022-04-14,California,9151205,89629.0,14428.0,0.0015791126345756634,3775.5714285714284
2022-04-15,California,9158440,89744.0,7235.0,0.0007906062644209566,3846.4285714285716
2022-04-16,California,9158440,89744.0,0.0,0.0,5182.142857142857
2022-04-17,California,9158448,89752.0,8.0,8.735112093649633e-07,5222.714285714285
2022-04-18,California,9161719,89785.0,3271.0,0.000357156583735474,3464.1428571428573
2022-04-19,California,9171994,89877.0,10275.0,0.0011215144232212815,4970.285714285715
2022-04-20,California,9173336,89915.0,1342.0,0.00014631496706174474,4970.285714285715
2022-04-21,California,9175454,89947.0,2118.0,0.00023088656078873449,4969.142857142857
2022-04-22,California,9193232,90090.0,17778.0,0.001937560800806093,5149.142857142857
2022-04-23,California,9193232,90090.0,0.0,0.0,5992.714285714285
2022-04-24,California,9193232,90093.0,0.0,0.0,6065.571428571428
2022-04-25,California,9197763,90123.0,4531.0,0.0004928625754250238,6109.714285714285
2022-04-26,California,9213943,90221.0,16180.0,0.0017591233868496925,6269.428571428572
2022-04-27,California,9215795,90237.0,1852.0,0.00020099972400533517,6271.714285714285
2022-04-28,California,9218222,90277.0,2427.0,0.0002633522121531229,6271.714285714285
2022-04-29,California,9237118,90419.0,18896.0,0.0020498529976822333,6457.714285714285
2022-04-30,California,9237134,90419.0,16.0,1.7321419949478667e-06,6913.428571428572
2022-05-01,California,9237134,90422.0,0.0,0.0,7057.285714285715
2022-05-02,California,9242967,90440.0,5833.0,0.0006314729222289817,7131.714285714285
2022-05-03,California,9262337,90541.0,19370.0,0.0020956474257671776,7630.571428571428
2022-05-04,California,9265196,90571.0,2859.0,0.00030866939952622907,7631.571428571428
2022-05-05,California,9268144,90581.0,2948.0,0.00031817999317018675,7631.571428571428
2022-05-06,California,9290532,90704.0,22388.0,0.002415586119507873,7806.857142857143
2022-05-07,California,9290555,90704.0,23.0,2.4756386394209073e-06,8547.42857142857
2022-05-08,California,9290555,90706.0,0.0,0.0,8618.0
2022-05-09,California,9297615,90712.0,7060.0,0.000759911544573999,8700.0
2022-05-10,California,9322169,90822.0,24554.0,0.0026408923148570906,8728.285714285714
2022-05-11,California,9325522,90804.0,3353.0,0.00035968024179777736,10179.166666666666
2022-05-12,California,9329044,90818.0,3522.0,0.0003776732283726769,12215.0
2022-05-13,California,9351630,90959.0,22586.0,0.0024210412127974035,13503.75
